name,chunk_size,chunks_shape,write_time,read_time_full,read_time_chunk,read_time_slice,storage_mb,compression_ratio,file_count,chunk_count,theoretical_chunks
chunk_16,16,16³,0.23324179649353027,0.036324262619018555,0.00018477439880371094,0.003681182861328125,6.996455192565918,1.143436180153115,513,0,512
chunk_32,32,32³,0.07709693908691406,0.011634111404418945,0.0002200603485107422,0.0024650096893310547,7.028692245483398,1.138191817281623,65,0,64
chunk_64,64,64³,0.024712800979614258,0.00425410270690918,0.0004980564117431641,0.0019359588623046875,6.849971771240234,1.1678880245299967,9,0,8
chunk_128,128,128³,0.01190495491027832,0.0018351078033447266,0.0014767646789550781,0.0014603137969970703,6.85322380065918,1.1673338318866104,2,0,1
slice_xy_64x64x16,16,16³,0.07713890075683594,0.010272979736328125,0.0004329681396484375,0.0012431144714355469,6.850337982177734,1.1678255906224333,33,0,32
slice_xy_128x128x16,16,16³,0.02290797233581543,0.0036978721618652344,0.0005209445953369141,0.00044417381286621094,6.853329658508301,1.1673158010235398,9,0,8
slice_xz_64x16x64,64,64³,0.07824277877807617,0.009997129440307617,0.00140380859375,0.004447221755981445,6.840193748474121,1.1695575146222434,33,0,32
