codec,shuffle,level,chunk_size,write_time,read_time,ratio,size_mb,ssim,psnr,mse
blosc_zstd,shuffle,3,128,0.04119396209716797,0.017017841339111328,1.1690496742161738,54.74532127380371,1.0,inf,0.0
blosc_zstd,shuffle,5,128,0.07646989822387695,0.013801813125610352,1.1854565774708103,53.987637519836426,1.0,inf,0.0
blosc_lz4,shuffle,3,128,0.030714988708496094,0.01637101173400879,1.094724862079216,58.462178230285645,1.0,inf,0.0
blosc_lz4,shuffle,5,128,0.028655290603637695,0.011321783065795898,1.1182688006104975,57.23132038116455,1.0,inf,0.0
zstd,N/A,3,128,0.07070803642272949,0.06241917610168457,1.0770393393392093,59.42215633392334,1.0,inf,0.0
zstd,N/A,5,128,0.07412123680114746,0.05301785469055176,1.0770388726295155,59.42218208312988,1.0,inf,0.0
no_compression,N/A,0,128,0.023161888122558594,0.014953851699829102,1.0,64.00023937225342,1.0,inf,0.0
