codec,chunks,write_time_avg,write_time_std,read_time_avg,read_time_std,size_mb,compression_ratio,throughput_write_mbs,throughput_read_mbs
blosc_zstd,"(16, 16, 16)",0.0049169063568115234,0.0,0.0006170272827148438,0.0,0.10799598693847656,1.1574504159234207,25.422489453522765,202.58423493044822
blosc_zstd,"(32, 32, 32)",0.0017800331115722656,0.0,0.00024390220642089844,0.0,0.10621929168701172,1.1768107093796856,70.22341280471471,512.5004887585533
blosc_zstd,"(32, 32, 32)",0.0017096996307373047,0.0,0.00023698806762695312,0.0,0.10621929168701172,1.1768107093796856,73.11225770464371,527.4527162977868
blosc_lz4,"(16, 16, 16)",0.0022029876708984375,0.0,0.0005140304565429688,0.0,0.1163187026977539,1.0746337184038568,56.74112554112554,243.17625231910947
blosc_lz4,"(32, 32, 32)",0.0007162094116210938,0.0,0.00021457672119140625,0.0,0.11418819427490234,1.0946840940410072,174.52996005326233,582.5422222222222
blosc_lz4,"(32, 32, 32)",0.0006809234619140625,0.0,0.0002110004425048828,0.0,0.11418819427490234,1.0946840940410072,183.57422969187675,592.4158192090396
