zarr_version,codec,level,chunk_size,write_time,read_time,ratio,size_mb,file_count,ssim,psnr,mse
v2,blosc_zstd,5,128,0.08328080177307129,0.016714096069335938,1.1854565774708103,53.987637519836426,9,1.0,inf,0.0
v2,blosc_lz4,5,128,0.028280019760131836,0.017138004302978516,1.1182688006104975,57.23132038116455,9,1.0,inf,0.0
v2,zstd,5,128,0.0764310359954834,0.06113290786743164,1.0770388726295155,59.42218208312988,9,1.0,inf,0.0
v2,no_compression,0,128,0.018878936767578125,0.016711950302124023,1.0,64.00023937225342,9,1.0,inf,0.0
